CREATE TABLE "myfirstmodule$salestrackingtabletemporary" (
	"id" BIGINT NOT NULL,
	"salesid" BIGINT NULL,
	"orderquantity" INT NULL,
	"unitprice" DECIMAL(28, 8) NULL,
	"discountamount" DECIMAL(28, 8) NULL,
	"productstandardcost" DECIMAL(28, 8) NULL,
	"taxamt" DECIMAL(28, 8) NULL,
	"orderdate" TIMESTAMP NULL,
	"shipdate" TIMESTAMP NULL,
	"duedate" TIMESTAMP NULL,
	"createddate" TIMESTAMP NULL,
	"changeddate" TIMESTAMP NULL,
	"system$changedby" BIGINT NULL,
	"system$owner" BIGINT NULL,
	"myfirstmodule$salestrackingtabletemporary_products" BIGINT NULL,
	"myfirstmodule$salestrackingtabletemporary_locations" BIGINT NULL,
	"myfirstmodule$salestrackingtabletemporary_customers" BIGINT NULL,
	"myfirstmodule$salestrackingtabletemporary_salespersons" BIGINT NULL,
	PRIMARY KEY("id"));
CREATE SEQUENCE "myfirstmodule$salestrackingtabletemporary_salesid_mxseq" AS BIGINT START WITH 1;
CREATE INDEX "idx_myfirstmodule$salestrackingtabletemporary_system$changedby" ON "myfirstmodule$salestrackingtabletemporary" ("system$changedby" ASC,"id" ASC);
CREATE INDEX "idx_myfirstmodule$salestrackingtabletemporary_system$owner" ON "myfirstmodule$salestrackingtabletemporary" ("system$owner" ASC,"id" ASC);
CREATE INDEX "idx_myfirstmodule$salestrackingtabletemporary_myfirstmodule$salestrackingtabletemporary_products" ON "myfirstmodule$salestrackingtabletemporary" ("myfirstmodule$salestrackingtabletemporary_products" ASC,"id" ASC);
CREATE INDEX "idx_myfirstmodule$salestrackingtabletemporary_myfirstmodule$salestrackingtabletemporary_locations" ON "myfirstmodule$salestrackingtabletemporary" ("myfirstmodule$salestrackingtabletemporary_locations" ASC,"id" ASC);
CREATE INDEX "idx_myfirstmodule$salestrackingtabletemporary_myfirstmodule$salestrackingtabletemporary_customers" ON "myfirstmodule$salestrackingtabletemporary" ("myfirstmodule$salestrackingtabletemporary_customers" ASC,"id" ASC);
CREATE INDEX "idx_myfirstmodule$salestrackingtabletemporary_myfirstmodule$salestrackingtabletemporary_salespersons" ON "myfirstmodule$salestrackingtabletemporary" ("myfirstmodule$salestrackingtabletemporary_salespersons" ASC,"id" ASC);
INSERT INTO "mendixsystem$entity" ("id", "entity_name", "table_name", "remote", "remote_primary_key") VALUES ('93643259-d313-40a4-b3c0-91e106e38fb3', 'MyFirstModule.SalesTrackingTableTemporary', 'myfirstmodule$salestrackingtabletemporary', false, false);
INSERT INTO "mendixsystem$attribute" ("id", "entity_id", "attribute_name", "column_name", "type", "length", "default_value", "is_auto_number") VALUES ('9d1983ee-eb0d-4b81-b272-902af8c517f6', '93643259-d313-40a4-b3c0-91e106e38fb3', 'SalesID', 'salesid', 0, 0, '1', true);
INSERT INTO "mendixsystem$sequence" ("attribute_id", "name", "start_value", "current_value") VALUES ('9d1983ee-eb0d-4b81-b272-902af8c517f6', 'myfirstmodule$salestrackingtabletemporary_salesid_mxseq', 1, 0);
INSERT INTO "mendixsystem$attribute" ("id", "entity_id", "attribute_name", "column_name", "type", "length", "default_value", "is_auto_number") VALUES ('8fe6e1b8-2758-48c2-85c3-e573936ff9b1', '93643259-d313-40a4-b3c0-91e106e38fb3', 'OrderQuantity', 'orderquantity', 3, 0, '0', false);
INSERT INTO "mendixsystem$attribute" ("id", "entity_id", "attribute_name", "column_name", "type", "length", "default_value", "is_auto_number") VALUES ('a418a8ea-8aca-484c-ac9c-1b37dddf8168', '93643259-d313-40a4-b3c0-91e106e38fb3', 'UnitPrice', 'unitprice', 5, 0, '0', false);
INSERT INTO "mendixsystem$attribute" ("id", "entity_id", "attribute_name", "column_name", "type", "length", "default_value", "is_auto_number") VALUES ('fb8ab54e-df67-4bc5-8951-131423d68918', '93643259-d313-40a4-b3c0-91e106e38fb3', 'DiscountAmount', 'discountamount', 5, 0, '0', false);
INSERT INTO "mendixsystem$attribute" ("id", "entity_id", "attribute_name", "column_name", "type", "length", "default_value", "is_auto_number") VALUES ('04d4cd25-4735-4d70-b399-59fd217a6fdc', '93643259-d313-40a4-b3c0-91e106e38fb3', 'ProductStandardCost', 'productstandardcost', 5, 0, '0', false);
INSERT INTO "mendixsystem$attribute" ("id", "entity_id", "attribute_name", "column_name", "type", "length", "default_value", "is_auto_number") VALUES ('2c7cc7b7-1183-4194-b26c-517fb63f149c', '93643259-d313-40a4-b3c0-91e106e38fb3', 'TaxAmt', 'taxamt', 5, 0, '0', false);
INSERT INTO "mendixsystem$attribute" ("id", "entity_id", "attribute_name", "column_name", "type", "length", "default_value", "is_auto_number") VALUES ('7f40e8ee-50e2-4e69-a461-8d296c0557b2', '93643259-d313-40a4-b3c0-91e106e38fb3', 'OrderDate', 'orderdate', 20, 0, '', false);
INSERT INTO "mendixsystem$attribute" ("id", "entity_id", "attribute_name", "column_name", "type", "length", "default_value", "is_auto_number") VALUES ('0effc38a-75ae-4326-8802-83140c9909b7', '93643259-d313-40a4-b3c0-91e106e38fb3', 'ShipDate', 'shipdate', 20, 0, '', false);
INSERT INTO "mendixsystem$attribute" ("id", "entity_id", "attribute_name", "column_name", "type", "length", "default_value", "is_auto_number") VALUES ('437d7978-06e9-4ddd-991d-53652e7dd35d', '93643259-d313-40a4-b3c0-91e106e38fb3', 'DueDate', 'duedate', 20, 0, '', false);
INSERT INTO "mendixsystem$attribute" ("id", "entity_id", "attribute_name", "column_name", "type", "length", "default_value", "is_auto_number") VALUES ('441e1971-6e8f-32d3-add0-5d531616fe73', '93643259-d313-40a4-b3c0-91e106e38fb3', 'createdDate', 'createddate', 20, 0, '', false);
INSERT INTO "mendixsystem$attribute" ("id", "entity_id", "attribute_name", "column_name", "type", "length", "default_value", "is_auto_number") VALUES ('173a4d41-781e-3280-b780-f00b38ad5ecc', '93643259-d313-40a4-b3c0-91e106e38fb3', 'changedDate', 'changeddate', 20, 0, '', false);
INSERT INTO "mendixsystem$index" ("id", "table_id", "index_name") VALUES ('ef96b5ff-e528-355b-8145-7f52c4c10c51', '93643259-d313-40a4-b3c0-91e106e38fb3', 'idx_myfirstmodule$salestrackingtabletemporary_system$changedby');
INSERT INTO "mendixsystem$index_column" ("index_id", "column_id", "sort_order", "ordinal") VALUES ('ef96b5ff-e528-355b-8145-7f52c4c10c51', '36d4b28e-6e58-3973-95a3-8152e8ea2095', false, 0);
INSERT INTO "mendixsystem$index" ("id", "table_id", "index_name") VALUES ('19d37b2a-957f-3d63-b80b-dcc5737adc70', '93643259-d313-40a4-b3c0-91e106e38fb3', 'idx_myfirstmodule$salestrackingtabletemporary_system$owner');
INSERT INTO "mendixsystem$index_column" ("index_id", "column_id", "sort_order", "ordinal") VALUES ('19d37b2a-957f-3d63-b80b-dcc5737adc70', '28239a2e-978e-398b-a329-a864dd453e8f', false, 0);
INSERT INTO "mendixsystem$index" ("id", "table_id", "index_name") VALUES ('1febc5e0-da99-3969-b2fd-ad1ad3caa12d', '93643259-d313-40a4-b3c0-91e106e38fb3', 'idx_myfirstmodule$salestrackingtabletemporary_myfirstmodule$salestrackingtabletemporary_products');
INSERT INTO "mendixsystem$index_column" ("index_id", "column_id", "sort_order", "ordinal") VALUES ('1febc5e0-da99-3969-b2fd-ad1ad3caa12d', 'ae8cdff2-ee39-4e39-8e7d-3896e4fa2785', false, 0);
INSERT INTO "mendixsystem$index" ("id", "table_id", "index_name") VALUES ('dc507552-502e-3506-b383-d2647da688a9', '93643259-d313-40a4-b3c0-91e106e38fb3', 'idx_myfirstmodule$salestrackingtabletemporary_myfirstmodule$salestrackingtabletemporary_locations');
INSERT INTO "mendixsystem$index_column" ("index_id", "column_id", "sort_order", "ordinal") VALUES ('dc507552-502e-3506-b383-d2647da688a9', 'c2160275-4f5a-4acc-a9b9-24f056d63949', false, 0);
INSERT INTO "mendixsystem$index" ("id", "table_id", "index_name") VALUES ('e9fce6aa-687a-3aaa-9e7d-6a8e7675c3f7', '93643259-d313-40a4-b3c0-91e106e38fb3', 'idx_myfirstmodule$salestrackingtabletemporary_myfirstmodule$salestrackingtabletemporary_customers');
INSERT INTO "mendixsystem$index_column" ("index_id", "column_id", "sort_order", "ordinal") VALUES ('e9fce6aa-687a-3aaa-9e7d-6a8e7675c3f7', '4f7f3494-aaa1-45da-b4a2-334e0f06d29d', false, 0);
INSERT INTO "mendixsystem$index" ("id", "table_id", "index_name") VALUES ('cb8271e1-38bb-30f7-b65e-6c3679400580', '93643259-d313-40a4-b3c0-91e106e38fb3', 'idx_myfirstmodule$salestrackingtabletemporary_myfirstmodule$salestrackingtabletemporary_salespersons');
INSERT INTO "mendixsystem$index_column" ("index_id", "column_id", "sort_order", "ordinal") VALUES ('cb8271e1-38bb-30f7-b65e-6c3679400580', 'a4009d67-3e37-417c-912b-4d29c723fe59', false, 0);
INSERT INTO "mendixsystem$association" ("id", "association_name", "table_name", "parent_entity_id", "child_entity_id", "parent_column_name", "child_column_name", "child_fkc_name", "child_fkc_action", "storage_format") VALUES ('36d4b28e-6e58-3973-95a3-8152e8ea2095', 'System.changedBy', 'myfirstmodule$salestrackingtabletemporary', '93643259-d313-40a4-b3c0-91e106e38fb3', '282e2e60-88a5-469d-84a5-ba8d9151644f', 'id', 'system$changedby', 'frn_myfirstmodule$salestrackingtabletemporary_system$changedby', 2, 1);
INSERT INTO "mendixsystem$association" ("id", "association_name", "table_name", "parent_entity_id", "child_entity_id", "parent_column_name", "child_column_name", "child_fkc_name", "child_fkc_action", "storage_format") VALUES ('28239a2e-978e-398b-a329-a864dd453e8f', 'System.owner', 'myfirstmodule$salestrackingtabletemporary', '93643259-d313-40a4-b3c0-91e106e38fb3', '282e2e60-88a5-469d-84a5-ba8d9151644f', 'id', 'system$owner', 'frn_myfirstmodule$salestrackingtabletemporary_system$owner', 2, 1);
INSERT INTO "mendixsystem$association" ("id", "association_name", "table_name", "parent_entity_id", "child_entity_id", "parent_column_name", "child_column_name", "child_fkc_name", "child_fkc_action", "storage_format") VALUES ('ae8cdff2-ee39-4e39-8e7d-3896e4fa2785', 'MyFirstModule.SalesTrackingTableTemporary_Products', 'myfirstmodule$salestrackingtabletemporary', '93643259-d313-40a4-b3c0-91e106e38fb3', 'dfd1b4df-440b-490d-94d4-ab38bd25be9d', 'id', 'myfirstmodule$salestrackingtabletemporary_products', 'frn_myfirstmodule$salestrackingtabletemporary_myfirstmodule$salestrackingtabletemporary_products', 2, 1);
INSERT INTO "mendixsystem$association" ("id", "association_name", "table_name", "parent_entity_id", "child_entity_id", "parent_column_name", "child_column_name", "child_fkc_name", "child_fkc_action", "storage_format") VALUES ('c2160275-4f5a-4acc-a9b9-24f056d63949', 'MyFirstModule.SalesTrackingTableTemporary_Locations', 'myfirstmodule$salestrackingtabletemporary', '93643259-d313-40a4-b3c0-91e106e38fb3', 'e2bb6050-e9d1-4fe9-8a39-9045ef83a82b', 'id', 'myfirstmodule$salestrackingtabletemporary_locations', 'frn_myfirstmodule$salestrackingtabletemporary_myfirstmodule$salestrackingtabletemporary_locations', 2, 1);
INSERT INTO "mendixsystem$association" ("id", "association_name", "table_name", "parent_entity_id", "child_entity_id", "parent_column_name", "child_column_name", "child_fkc_name", "child_fkc_action", "storage_format") VALUES ('4f7f3494-aaa1-45da-b4a2-334e0f06d29d', 'MyFirstModule.SalesTrackingTableTemporary_Customers', 'myfirstmodule$salestrackingtabletemporary', '93643259-d313-40a4-b3c0-91e106e38fb3', 'a77a5039-cbd1-4c10-8059-65284bd081ed', 'id', 'myfirstmodule$salestrackingtabletemporary_customers', 'frn_myfirstmodule$salestrackingtabletemporary_myfirstmodule$salestrackingtabletemporary_customers', 2, 1);
INSERT INTO "mendixsystem$association" ("id", "association_name", "table_name", "parent_entity_id", "child_entity_id", "parent_column_name", "child_column_name", "child_fkc_name", "child_fkc_action", "storage_format") VALUES ('a4009d67-3e37-417c-912b-4d29c723fe59', 'MyFirstModule.SalesTrackingTableTemporary_SalesPersons', 'myfirstmodule$salestrackingtabletemporary', '93643259-d313-40a4-b3c0-91e106e38fb3', '2debcef0-1a94-483a-b0fa-89b0fcff7294', 'id', 'myfirstmodule$salestrackingtabletemporary_salespersons', 'frn_myfirstmodule$salestrackingtabletemporary_myfirstmodule$salestrackingtabletemporary_salespersons', 2, 1);
ALTER TABLE "myfirstmodule$salestrackingtabletemporary" ADD CONSTRAINT "frn_myfirstmodule$salestrackingtabletemporary_myfirstmodule$salestrackingtabletemporary_salespersons" FOREIGN KEY ( "myfirstmodule$salestrackingtabletemporary_salespersons" ) REFERENCES "myfirstmodule$salespersons" ( "id" ) ON DELETE SET NULL;
ALTER TABLE "myfirstmodule$salestrackingtabletemporary" ADD CONSTRAINT "frn_myfirstmodule$salestrackingtabletemporary_system$changedby" FOREIGN KEY ( "system$changedby" ) REFERENCES "system$user" ( "id" ) ON DELETE SET NULL;
ALTER TABLE "myfirstmodule$salestrackingtabletemporary" ADD CONSTRAINT "frn_myfirstmodule$salestrackingtabletemporary_myfirstmodule$salestrackingtabletemporary_customers" FOREIGN KEY ( "myfirstmodule$salestrackingtabletemporary_customers" ) REFERENCES "myfirstmodule$customers" ( "id" ) ON DELETE SET NULL;
ALTER TABLE "myfirstmodule$salestrackingtabletemporary" ADD CONSTRAINT "frn_myfirstmodule$salestrackingtabletemporary_myfirstmodule$salestrackingtabletemporary_products" FOREIGN KEY ( "myfirstmodule$salestrackingtabletemporary_products" ) REFERENCES "myfirstmodule$products" ( "id" ) ON DELETE SET NULL;
ALTER TABLE "myfirstmodule$salestrackingtabletemporary" ADD CONSTRAINT "frn_myfirstmodule$salestrackingtabletemporary_myfirstmodule$salestrackingtabletemporary_locations" FOREIGN KEY ( "myfirstmodule$salestrackingtabletemporary_locations" ) REFERENCES "myfirstmodule$locations" ( "id" ) ON DELETE SET NULL;
ALTER TABLE "myfirstmodule$salestrackingtabletemporary" ADD CONSTRAINT "frn_myfirstmodule$salestrackingtabletemporary_system$owner" FOREIGN KEY ( "system$owner" ) REFERENCES "system$user" ( "id" ) ON DELETE SET NULL;
UPDATE "mendixsystem$version" SET "versionnumber" = '4.2', "lastsyncdate" = '20250516 19:05:12';
